{
	"IBJ95302_6.bmp": {
		"li": {
			"x": [
				139.047191,
				171.601724,
				207.841676,
				242.853155,
				280.32158,
				313.490349,
				349.116065,
				365.086213,
				403.783111,
				438.79459,
				467.663704,
				500.832474,
				526.016169
			],
			"y": [
				329.98566,
				333.056843,
				334.285315,
				336.128025,
				337.356498,
				337.356498,
				334.899552,
				333.056843,
				334.285315,
				334.285315,
				333.671079,
				331.214133,
				331.82837
			]
		},
		"ma": {
			"x": [
				161.77394,
				193.1,
				212.755567,
				248.381283,
				277.864634,
				307.347984,
				359.558085,
				400.711928,
				440.637299,
				484.862325,
				511.274494
			],
			"y": [
				348.412754,
				349.641227,
				352.098173,
				353.940883,
				353.326646,
				352.098173,
				352.098173,
				350.8697,
				349.641227,
				348.412754,
				347.798518
			]
		},
		"location": 1,
		"roi": [
			124,
			277,
			427,
			120
		]
	},
	"J2DDCA82_16.bmp": {
		"li": {
			"x": [
				292.226418,
				319.451357,
				355.010461,
				397.792509,
				426.12867,
				466.688273,
				499.469322,
				537.25087,
				574.476807,
				605.035412,
				652.262347,
				689.488284,
				728.936665
			],
			"y": [
				299.009397,
				301.231841,
				301.787452,
				304.009896,
				304.009896,
				307.343562,
				307.899173,
				307.899173,
				309.010395,
				306.787951,
				304.565507,
				304.009896,
				304.009896
			]
		},
		"ma": {
			"x": [
				292.226418,
				323.896245,
				354.45485,
				381.67979,
				401.681786,
				423.906226,
				438.907723,
				463.910218,
				493.357601,
				537.25087,
				553.9192,
				609.4803,
				650.039903,
				677.264842,
				706.712225,
				730.047887
			],
			"y": [
				311.78845,
				311.78845,
				313.455283,
				313.455283,
				315.122116,
				315.122116,
				317.34456,
				319.567004,
				319.011393,
				320.122615,
				317.900171,
				317.34456,
				315.677727,
				315.122116,
				314.566505,
				314.566505
			]
		},
		"location": 0,
		"roi": [
			282,
			256,
			462,
			96
		]
	},
	"JAA6MH82_20.bmp": {
		"li": {
			"x": [
				112.301408,
				133.518448,
				158.393599,
				185.829427,
				211.070388,
				229.36094,
				255.699335,
				277.647997,
				293.012061,
				307.278691,
				324.47181
			],
			"y": [
				471.588717,
				473.417772,
				473.417772,
				472.68615,
				472.320339,
				470.491284,
				471.588717,
				473.417772,
				473.783583,
				473.417772,
				472.68615
			]
		},
		"ma": {
			"x": [
				112.667219,
				142.297913,
				175.220907,
				200.827679,
				217.289176,
				235.945539,
				257.894201,
				281.671919,
				303.986392,
				325.203432
			],
			"y": [
				482.197237,
				481.465615,
				481.099804,
				481.099804,
				480.002371,
				481.099804,
				483.29467,
				481.099804,
				480.002371,
				480.002371
			]
		},
		"location": 1,
		"roi": [
			109,
			438,
			222,
			75
		]
	},
	"J2RE2RO2_2.bmp": {
		"li": {
			"x": [
				423.223781,
				446.430547,
				461.747012,
				473.81453,
				497.949566,
				523.012873,
				539.721744,
				558.287156,
				587.527681,
				604.236552,
				619.088882,
				635.797753,
				648.793541,
				670.143766,
				688.245043,
				709.131132
			],
			"y": [
				377.058931,
				377.987201,
				377.987201,
				379.379607,
				378.451337,
				376.594795,
				376.13066,
				376.13066,
				375.20239,
				376.13066,
				377.058931,
				375.666525,
				374.738254,
				372.881713,
				372.881713,
				372.417578
			]
		},
		"ma": {
			"x": [
				423.687917,
				439.004382,
				458.9622,
				491.451672,
				504.911596,
				535.544526,
				562.000239,
				585.207004,
				607.021364,
				613.983393,
				627.907453,
				638.582565,
				649.721812,
				660.396924,
				669.67963,
				682.211284,
				695.671208,
				713.308349
			],
			"y": [
				392.839531,
				391.911261,
				392.839531,
				391.447125,
				391.447125,
				390.98299,
				389.590584,
				388.662313,
				389.590584,
				389.590584,
				390.518855,
				390.054719,
				390.518855,
				392.839531,
				393.767802,
				394.231937,
				394.231937,
				390.518855
			]
		},
		"location": 0,
		"roi": [
			411,
			333,
			311,
			90
		]
	}
}